feature1,feature2,feature3
0.0,0.0,3.0
0.1111111111111111,0.1111111111111111,6.0
0.2222222222222222,0.2222222222222222,9.0
0.3333333333333333,0.3333333333333333,12.0
0.4444444444444444,0.4444444444444444,15.0
0.5555555555555556,0.5555555555555555,18.0
0.6666666666666667,0.6666666666666666,21.0
0.7777777777777777,0.7777777777777778,24.0
0.8888888888888888,0.8888888888888888,27.0
1.0,0.9999999999999999,30.0
